Num,y
348622,1497.214504596527
348623,27031.966394279876
348624,297543.2093973442
348625,29469.367211440243
348626,16.099080694586313
348627,146234.3895812053
348628,67732.05229826353
348629,111935.29816138916
348630,102625.19979570991
348631,3541.7977528089887
348632,1851.3942798774258
348633,54994.45965270684
348634,278963.26036772213
348635,21962.365883554645
348636,1947.9887640449438
348637,178780.29111338098
348638,121612.455566905
348639,509812.80817160365
348640,510715.96659856994
348641,2335.9766087844737
348642,113220.00480081716
348643,83464.07395301327
348644,1215.4805924412665
348645,24230.72635342186
348646,10948.984780388151
348647,150503.8657814096
348648,7489.292339121553
348649,18665.27415730337
348650,5530.034218590398
348651,23601.252298263535
348652,17176.109193054137
348653,279950.1340143003
348654,7397.52757916241
348655,21959.146067415728
348656,10440.253830439224
348657,2471.208886618999
348658,44815.010929519914
348659,1400.6200204290092
348660,160.9908069458631
348661,16838.028498467822
348662,7059.446884576098
348663,18497.84371807967
348664,1161485.8856996936
348665,79904.56721144024
348666,343081.06905005104
348667,873367.0781409601
348668,96031.01634320735
348669,27107.63207354443
348670,25983.916241062307
348671,96.59448416751788
348672,48015.50817160367
348673,88.54494382022472
348674,257.585291113381
348675,2758820.573135853
348676,387250.50684371806
348677,6568.424923391215
348678,46156.064351378955
348679,345429.9249233912
348680,14376.479060265576
348681,708.3595505617977
348682,36441.87906026558
348683,1947.9887640449438
348684,1577.7099080694586
348685,21310.353115423903
348686,185875.1559754852
348687,6143.409193054136
348688,143959.58947906026
348689,25537.971705822267
348690,6827.620122574055
348691,198723.8322778345
348692,14014.249744637384
348693,194317.51389172624
348694,138419.89581205312
348695,118698.52196118487
348696,132691.8429009193
348697,98101.35812053115
348698,1207.4310520939734
348699,15566.201123595505
348700,11832.824310520939
348701,87863.95270684372
348702,9112.079673135853
348703,56837.804392236976
348704,73894.78038815116
348705,151722.56618998977
348706,118875.61184882533
348707,27418.34433094995
348708,8540.562308478038
348709,60774.029622063324
348710,95076.34085801838
348711,38149.99152196119
348712,5530.034218590398
348713,92859.49744637385
348714,100232.87640449438
348715,184828.71573033708
348716,10713.938202247191
348717,193.18896833503575
348718,4058.5782431052094
348719,6528.17722165475
348720,13442.73237997957
348721,103705.44811031665
348722,3132.8811031664964
348723,474.9228804902962
348724,18905.150459652705
348725,6238.393769152196
348726,4475.544433094995
348727,79936.76537282941
348728,296456.52145045967
348729,32027.51113381001
348730,1267736.5984678243
348731,336084.40858018387
348732,31443.114504596524
348733,166577.18794688457
348734,837.1521961184882
348735,2491925.1836567926
348736,42702.81154239019
348737,21870.601123595505
348738,707932.9249233912
348739,547025.8331971399
348740,598179.0521961185
348741,1047840.8651685392
348742,113250.59305413687
348743,117040.31664964248
348744,2368.1747701736463
348745,6177.217262512768
348746,128.7926455566905
348747,13941.803881511745
348748,95890.95434116446
348749,5101.7986721144025
348750,28801.255362614913
348751,435740.93789581204
348752,107760.80653728294
348753,579318.9791624106
348754,271585.05168539326
348755,95370.95403472931
348756,63955.20796731358
348757,692.2604698672114
348758,14609.915730337078
348759,265644.4909090909
348760,729062.9683350357
348761,322842.9147088866
348762,15046.200817160367
348763,25494.504187946884
348764,128.7926455566905
348765,8379.571501532175
348766,133696.4255362615
348767,1320.1246169560775
348768,144.8917262512768
348769,77985.55679264556
348770,12119.387946884575
348771,4016.7206332992846
348772,1331.393973442288
348773,168880.96639427988
348774,883541.6971399387
348775,4266.256384065373
348776,30787.88192032686
348777,193.18896833503575
348778,15487.315628192033
348779,93606.49479060265
348780,186882.95842696627
348781,124959.4544433095
348782,289533.91675178753
348783,400917.0164453524
348784,13890.28682328907
348785,6967.682124616956
348786,17966.574055158326
348787,2055.852604698672
348788,3082.973953013279
348789,67213.66189989785
348790,13652.020429009193
348791,645616.6033707865
348792,467423.92870275787
348793,225.38712972420836
348794,257.585291113381
348795,32.198161389172625
348796,1064.1492339121553
348797,1027.1213483146066
348798,80374.66036772216
348799,11277.406026557712
348800,1192.9418794688456
348801,4097.216036772216
348802,1653.3755873340142
348803,465.26343207354444
348804,1682.3539325842696
348805,2439.010725229826
348806,835077.024616956
348807,27862.67895812053
348808,1224998.368947906
348809,365255.9427987742
348810,27650.17109295199
348811,12512.205515832482
348812,1585.7594484167516
348813,24858.590500510723
348814,48997.55209397344
348815,86955.96455566905
348816,203505.25924412665
348817,79328.22012257406
348818,8.049540347293156
348819,305822.96659856994
348820,16348.6164453524
348821,273.6843718079673
348822,48.29724208375894
348823,19343.045454545452
348824,193.18896833503575
348825,257.585291113381
348826,442.7247191011236
348827,48.29724208375894
348828,119154.12594484167
348829,720493.4276813074
348830,291604.25852911134
348831,594297.5638406537
348832,26363.854545454546
348833,1432.8181818181818
348834,30973.021348314607
348835,134821.75127681307
348836,525222.8482124617
348837,96.59448416751788
348838,225.38712972420836
348839,225.38712972420836
348840,4562.4794688457605
348841,50462.568437180795
348842,17277.53340143003
348843,313.9320735444331
348844,6409.044024514811
348845,171957.5007150153
348846,472826.7801838611
348847,19732.643207354442
349519,1497.214504596527
349520,27031.966394279876
349521,297543.2093973442
349522,29469.367211440243
349523,16.099080694586313
349524,146234.3895812053
349525,67732.05229826353
349526,111935.29816138916
349527,102625.19979570991
349528,3541.7977528089887
349529,1851.3942798774258
349530,54994.45965270684
349531,278963.26036772213
349532,21962.365883554645
349533,1947.9887640449438
349534,178780.29111338098
349535,121612.455566905
349536,509812.80817160365
349537,510715.96659856994
349538,2335.9766087844737
349539,113220.00480081716
349540,83464.07395301327
349541,1215.4805924412665
349542,24230.72635342186
349543,10948.984780388151
349544,150503.8657814096
349545,7489.292339121553
349546,18665.27415730337
349547,5530.034218590398
349548,23601.252298263535
349549,17176.109193054137
349550,279950.1340143003
349551,7397.52757916241
349552,21959.146067415728
349553,10440.253830439224
349554,2471.208886618999
349555,44815.010929519914
349556,1400.6200204290092
349557,160.9908069458631
349558,16838.028498467822
349559,7059.446884576098
349560,18497.84371807967
349561,1161485.8856996936
349562,79904.56721144024
349563,343081.06905005104
349564,873367.0781409601
349565,96031.01634320735
349566,27107.63207354443
349567,25983.916241062307
349568,96.59448416751788
349569,48015.50817160367
349570,88.54494382022472
349571,257.585291113381
349572,2758820.573135853
349573,387250.50684371806
349574,6568.424923391215
349575,46156.064351378955
349576,345429.9249233912
349577,14376.479060265576
349578,708.3595505617977
349579,36441.87906026558
349580,1947.9887640449438
349581,1577.7099080694586
349582,21310.353115423903
349583,185875.1559754852
349584,6143.409193054136
349585,143959.58947906026
349586,25537.971705822267
349587,6827.620122574055
349588,198723.8322778345
349589,14014.249744637384
349590,194317.51389172624
349591,138419.89581205312
349592,118698.52196118487
349593,132691.8429009193
349594,98101.35812053115
349595,1207.4310520939734
349596,15566.201123595505
349597,11832.824310520939
349598,87863.95270684372
349599,9112.079673135853
349600,56837.804392236976
349601,73894.78038815116
349602,151722.56618998977
349603,118875.61184882533
349604,27418.34433094995
349605,8540.562308478038
349606,60774.029622063324
349607,95076.34085801838
349608,38149.99152196119
349609,5530.034218590398
349610,92859.49744637385
349611,100232.87640449438
349612,184828.71573033708
349613,10713.938202247191
349614,193.18896833503575
349615,4058.5782431052094
349616,6528.17722165475
349617,13442.73237997957
349618,103705.44811031665
349619,3132.8811031664964
349620,474.9228804902962
349621,18905.150459652705
349622,6238.393769152196
349623,4475.544433094995
349624,79936.76537282941
349625,296456.52145045967
349626,32027.51113381001
349627,1267736.5984678243
349628,336084.40858018387
349629,31443.114504596524
349630,166577.18794688457
349631,837.1521961184882
349632,2491925.1836567926
349633,42702.81154239019
349634,21870.601123595505
349635,707932.9249233912
349636,547025.8331971399
349637,598179.0521961185
349638,1047840.8651685392
349639,113250.59305413687
349640,117040.31664964248
349641,2368.1747701736463
349642,6177.217262512768
349643,128.7926455566905
349644,13941.803881511745
349645,95890.95434116446
349646,5101.7986721144025
349647,28801.255362614913
349648,435740.93789581204
349649,107760.80653728294
349650,579318.9791624106
349651,271585.05168539326
349652,95370.95403472931
349653,63955.20796731358
349654,692.2604698672114
349655,14609.915730337078
349656,265644.4909090909
349657,729062.9683350357
349658,322842.9147088866
349659,15046.200817160367
349660,25494.504187946884
349661,128.7926455566905
349662,8379.571501532175
349663,133696.4255362615
349664,1320.1246169560775
349665,144.8917262512768
349666,77985.55679264556
349667,12119.387946884575
349668,4016.7206332992846
349669,1331.393973442288
349670,168880.96639427988
349671,883541.6971399387
349672,4266.256384065373
349673,30787.88192032686
349674,193.18896833503575
349675,15487.315628192033
349676,93606.49479060265
349677,186882.95842696627
349678,124959.4544433095
349679,289533.91675178753
349680,400917.0164453524
349681,13890.28682328907
349682,6967.682124616956
349683,17966.574055158326
349684,2055.852604698672
349685,3082.973953013279
349686,67213.66189989785
349687,13652.020429009193
349688,645616.6033707865
349689,467423.92870275787
349690,225.38712972420836
349691,257.585291113381
349692,32.198161389172625
349693,1064.1492339121553
349694,1027.1213483146066
349695,80374.66036772216
349696,11277.406026557712
349697,1192.9418794688456
349698,4097.216036772216
349699,1653.3755873340142
349700,465.26343207354444
349701,1682.3539325842696
349702,2439.010725229826
349703,835077.024616956
349704,27862.67895812053
349705,1224998.368947906
349706,365255.9427987742
349707,27650.17109295199
349708,12512.205515832482
349709,1585.7594484167516
349710,24858.590500510723
349711,48997.55209397344
349712,86955.96455566905
349713,203505.25924412665
349714,79328.22012257406
349715,8.049540347293156
349716,305822.96659856994
349717,16348.6164453524
349718,273.6843718079673
349719,48.29724208375894
349720,19343.045454545452
349721,193.18896833503575
349722,257.585291113381
349723,442.7247191011236
349724,48.29724208375894
349725,119154.12594484167
349726,720493.4276813074
349727,291604.25852911134
349728,594297.5638406537
349729,26363.854545454546
349730,1432.8181818181818
349731,30973.021348314607
349732,134821.75127681307
349733,525222.8482124617
349734,96.59448416751788
349735,225.38712972420836
349736,225.38712972420836
349737,4562.4794688457605
349738,50462.568437180795
349739,17277.53340143003
349740,313.9320735444331
349741,6409.044024514811
349742,171957.5007150153
349743,472826.7801838611
349744,19732.643207354442
349745,33478.038304392234
349746,400171.62900919304
349747,36995.68743615934
349748,38394.263999999996
349749,173715.52032686415
349750,84425.18907048008
349751,222922.3604698672
349752,229131.77589376914
349753,2720.7446373850867
349754,1964.08784473953
349755,62337.250357507655
349756,368379.164453524
349757,26796.919816138918
349758,1451148.5950970377
349759,1770.8988764044943
349760,1899.691521961185
349761,243620.94851889682
349762,138043.17732379978
349763,585642.6980592441
349764,641551.5854954035
349765,2237.7722165474975
349766,125664.59417773238
349767,113287.62093973442
349768,1239.629213483146
349769,45301.20316649642
349770,11984.155669050051
349771,178165.30623084778
349772,12455.85873340143
349773,37116.43054136874
349774,18845.583861082738
349775,25959.76762002043
349776,23388.744433094995
349777,343176.05362614914
349778,9426.011746680286
349779,29670.605720122574
349780,14199.389172625128
349781,2189.4749744637384
349782,55137.74147088866
349783,1030.341164453524
349784,96.59448416751788
349785,15451.897650663943
349786,5067.990602655771
349787,8105.887129724208
349788,5232.201225740551
349789,94414.66864147088
349790,378103.0091930541
349791,1338983.080081716
349792,98944.94994892747
349793,44645.97058222676
349794,28503.422369765067
349795,112.69356486210418
349796,62037.80745658835
349797,160.9908069458631
349798,144.8917262512768
349799,3625965.3565883553
349800,478952.48038815113
349801,26310.72757916241
349802,241914.4459652707
349803,450584.2902962206
349804,20357.28753830439
349805,917.6475995914197
349806,43515.8151174668
349807,4684.832482124617
349808,2173.3758937691523
349809,22466.267109295197
349810,218068.48764044943
349811,7180.1899897854955
349812,188309.33697650663
349813,44604.11297242084
349814,9659.448416751788
349815,216836.90796731357
349816,1675.914300306435
349817,80392.3693564862
349818,177556.76098059243
349819,162954.89479060264
349820,184112.306639428
349821,2297.3388151174668
349822,20344.408273748722
349823,15240.999693564861
349824,148208.13687436157
349825,6745.514811031665
349826,91817.88692543411
349827,195447.6693564862
349828,143397.7315628192
349829,64518.675791624104
349830,18248.307967313584
349831,122111.52706843718
349832,9855.857201225741
349833,66263.81613891726
349834,141776.55413687436
349835,66484.3735444331
349836,5885.823901940756
349837,127883.04749744637
349838,145017.2990806946
349839,216267.00051072522
349840,14711.339938712972
349841,96.59448416751788
349842,4245.32757916241
349843,8720.872012257405
349844,18918.029724208376
349845,50227.521859039836
349846,3514.429315628192
349847,402.4770173646578
349848,20394.31542390194
349849,7740.437997957099
349850,5521.984678243105
349851,104896.78008171603
349852,344108.19039836567
349853,38515.44065372829
349854,1560126.4921348314
349855,447246.9508682329
349856,58557.18621041879
349857,201425.2580183861
349858,3125074.6589376912
349859,102446.5
349860,70795.70735444331
349861,924460.7305413687
349862,683216.0063329928
349863,733910.4015321756
349864,1405932.7170582225
349865,163241.45842696627
349866,150645.53769152195
349867,2488.917875383044
349868,5377.092951991828
349869,96.59448416751788
349870,13346.137895812053
349871,107491.95188968335
349872,3791.3335035750765
349873,34501.93983656792
349874,522292.81552604696
349875,153082.93850868233
349876,747638.0876404494
349877,352375.06833503576
349878,117503.97017364658
349879,76486.73237997957
349880,1070.5888661899896
349881,20998.030949948927
349882,316007.24504596525
349883,772100.6407558733
349884,336599.57916241064
349885,21704.780592441264
349886,37865.037793667005
349887,144.8917262512768
349888,23218.09417773238
349889,3525.698672114402
349890,104078.94678243104
349891,163033.78028600613
349892,14814.374055158325
349893,3451.6429009193052
349894,819.4432073544433
349895,191071.93922369764
349896,1042964.4536261491
349897,106828.66976506638
349898,3683.469662921348
349899,31063.17620020429
349900,294.192
349901,360.046
349902,117349.41899897854
349903,212173.00429009192
349904,146725.41154239018
349905,343337.04443309497
349906,447662.3071501532
349907,15451.897650663943
349908,11064.898161389172
349909,19608.68028600613
349910,1738.7007150153217
349911,1947.9887640449438
349912,85973.92063329928
349913,23111.84024514811
349914,784218.4187946884
349915,3520.8689479060263
349916,386.3779366700715
349917,289.7834525025536
349918,37.839
349919,24.851
349920,1891.6419816138916
349921,1416.7191011235955
349922,102641.29887640449
349923,11934.248518896833
349924,1258.9481103166495
349925,4832.944024514811
349926,1532.632482124617
349927,1843.3447395301328
349928,2744.893258426966
349929,30691.287436159346
349930,1028708.717671093
349931,567982.006537283
349932,1904476.1687436157
349933,706939.6116445352
349934,34751.47558733401
349935,26323.60684371808
349936,1299.1958120531153
349937,43900.583146067416
349938,93183.08896833503
349939,157630.92880490294
349940,269640.2827374872
349941,88334.04586312563
349942,378600.47078651685
349943,389.59775280898873
349944,23573.883861082737
349945,22095.988253319712
349946,23314.722
349947,49660.467000000004
349948,611.7650663942799
349949,128.7926455566905
349950,144392.65474974463
349951,914872.1180796731
349952,402443.20929519914
349953,774291.7256384065
349954,32080.638100102144
349955,1191.3319713993872
349956,37415.873442288044
349957,157740.40255362613
349958,225.38712972420836
349959,72.4458631256384
349960,160.9908069458631
349961,265.63483146067415
349962,8374.7417773238
349963,76791.00500510725
349964,25290.045863125637
349965,697022.57793667
349966,646086.6965270684
349967,260602.25883554647
349968,32343.0531154239
349969,321.9816138917262
349970,7226.877323799796
350191,1497.214504596527
350192,27031.966394279876
350193,297543.2093973442
350194,29469.367211440243
350195,16.099080694586313
350196,146234.3895812053
350197,67732.05229826353
350198,111935.29816138916
350199,102625.19979570991
350200,3541.7977528089887
350201,1851.3942798774258
350202,54994.45965270684
350203,278963.26036772213
350204,21962.365883554645
350205,1947.9887640449438
350206,178780.29111338098
350207,121612.455566905
350208,509812.80817160365
350209,510715.96659856994
350210,2335.9766087844737
350211,113220.00480081716
350212,83464.07395301327
350213,1215.4805924412665
350214,24230.72635342186
350215,10948.984780388151
350216,150503.8657814096
350217,7489.292339121553
350218,18665.27415730337
350219,5530.034218590398
350220,23601.252298263535
350221,17176.109193054137
350222,279950.1340143003
350223,7397.52757916241
350224,21959.146067415728
350225,10440.253830439224
350226,2471.208886618999
350227,44815.010929519914
350228,1400.6200204290092
350229,160.9908069458631
350230,16838.028498467822
350231,7059.446884576098
350232,18497.84371807967
350233,1161485.8856996936
350234,79904.56721144024
350235,343081.06905005104
350236,873367.0781409601
350237,96031.01634320735
350238,27107.63207354443
350239,25983.916241062307
350240,96.59448416751788
350241,48015.50817160367
350242,88.54494382022472
350243,257.585291113381
350244,2758820.573135853
350245,387250.50684371806
350246,6568.424923391215
350247,46156.064351378955
350248,345429.9249233912
350249,14376.479060265576
350250,708.3595505617977
350251,36441.87906026558
350252,1947.9887640449438
350253,1577.7099080694586
350254,21310.353115423903
350255,185875.1559754852
350256,6143.409193054136
350257,143959.58947906026
350258,25537.971705822267
350259,6827.620122574055
350260,198723.8322778345
350261,14014.249744637384
350262,194317.51389172624
350263,138419.89581205312
350264,118698.52196118487
350265,132691.8429009193
350266,98101.35812053115
350267,1207.4310520939734
350268,15566.201123595505
350269,11832.824310520939
350270,87863.95270684372
350271,9112.079673135853
350272,56837.804392236976
350273,73894.78038815116
350274,151722.56618998977
350275,118875.61184882533
350276,27418.34433094995
350277,8540.562308478038
350278,60774.029622063324
350279,95076.34085801838
350280,38149.99152196119
350281,5530.034218590398
350282,92859.49744637385
350283,100232.87640449438
350284,184828.71573033708
350285,10713.938202247191
350286,193.18896833503575
350287,4058.5782431052094
350288,6528.17722165475
350289,13442.73237997957
350290,103705.44811031665
350291,3132.8811031664964
350292,474.9228804902962
350293,18905.150459652705
350294,6238.393769152196
350295,4475.544433094995
350296,79936.76537282941
350297,296456.52145045967
350298,32027.51113381001
350299,1267736.5984678243
350300,336084.40858018387
350301,31443.114504596524
350302,166577.18794688457
350303,837.1521961184882
350304,2491925.1836567926
350305,42702.81154239019
350306,21870.601123595505
350307,707932.9249233912
350308,547025.8331971399
350309,598179.0521961185
350310,1047840.8651685392
350311,113250.59305413687
350312,117040.31664964248
350313,2368.1747701736463
350314,6177.217262512768
350315,128.7926455566905
350316,13941.803881511745
350317,95890.95434116446
350318,5101.7986721144025
350319,28801.255362614913
350320,435740.93789581204
350321,107760.80653728294
350322,579318.9791624106
350323,271585.05168539326
350324,95370.95403472931
350325,63955.20796731358
350326,692.2604698672114
350327,14609.915730337078
350328,265644.4909090909
350329,729062.9683350357
350330,322842.9147088866
350331,15046.200817160367
350332,25494.504187946884
350333,128.7926455566905
350334,8379.571501532175
350335,133696.4255362615
350336,1320.1246169560775
350337,144.8917262512768
350338,77985.55679264556
350339,12119.387946884575
350340,4016.7206332992846
350341,1331.393973442288
350342,168880.96639427988
350343,883541.6971399387
350344,4266.256384065373
350345,30787.88192032686
350346,193.18896833503575
350347,15487.315628192033
350348,93606.49479060265
350349,186882.95842696627
350350,124959.4544433095
350351,289533.91675178753
350352,400917.0164453524
350353,13890.28682328907
350354,6967.682124616956
350355,17966.574055158326
350356,2055.852604698672
350357,3082.973953013279
350358,67213.66189989785
350359,13652.020429009193
350360,645616.6033707865
350361,467423.92870275787
350362,225.38712972420836
350363,257.585291113381
350364,32.198161389172625
350365,1064.1492339121553
350366,1027.1213483146066
350367,80374.66036772216
350368,11277.406026557712
350369,1192.9418794688456
350370,4097.216036772216
350371,1653.3755873340142
350372,465.26343207354444
350373,1682.3539325842696
350374,2439.010725229826
350375,835077.024616956
350376,27862.67895812053
350377,1224998.368947906
350378,365255.9427987742
350379,27650.17109295199
350380,12512.205515832482
350381,1585.7594484167516
350382,24858.590500510723
350383,48997.55209397344
350384,86955.96455566905
350385,203505.25924412665
350386,79328.22012257406
350387,8.049540347293156
350388,305822.96659856994
350389,16348.6164453524
350390,273.6843718079673
350391,48.29724208375894
350392,19343.045454545452
350393,193.18896833503575
350394,257.585291113381
350395,442.7247191011236
350396,48.29724208375894
350397,119154.12594484167
350398,720493.4276813074
350399,291604.25852911134
350400,594297.5638406537
350401,26363.854545454546
350402,1432.8181818181818
350403,30973.021348314607
350404,134821.75127681307
350405,525222.8482124617
350406,96.59448416751788
350407,225.38712972420836
350408,225.38712972420836
350409,4562.4794688457605
350410,50462.568437180795
350411,17277.53340143003
350412,313.9320735444331
350413,6409.044024514811
350414,171957.5007150153
350415,472826.7801838611
350416,19732.643207354442
350417,33478.038304392234
350418,400171.62900919304
350419,36995.68743615934
350420,15939.157
350421,173715.52032686415
350422,84425.18907048008
350423,222922.3604698672
350424,229131.77589376914
350425,2720.7446373850867
350426,1964.08784473953
350427,62337.250357507655
350428,368379.164453524
350429,26796.919816138918
350430,1451148.5950970377
350431,1770.8988764044943
350432,1899.691521961185
350433,243620.94851889682
350434,138043.17732379978
350435,585642.6980592441
350436,641551.5854954035
350437,2237.7722165474975
350438,125664.59417773238
350439,113287.62093973442
350440,1239.629213483146
350441,45301.20316649642
350442,11984.155669050051
350443,178165.30623084778
350444,12455.85873340143
350445,37116.43054136874
350446,18845.583861082738
350447,25959.76762002043
350448,23388.744433094995
350449,343176.05362614914
350450,9426.011746680286
350451,29670.605720122574
350452,14199.389172625128
350453,2189.4749744637384
350454,55137.74147088866
350455,1030.341164453524
350456,96.59448416751788
350457,15451.897650663943
350458,5067.990602655771
350459,8105.887129724208
350460,5232.201225740551
350461,94414.66864147088
350462,378103.0091930541
350463,1338983.080081716
350464,98944.94994892747
350465,44645.97058222676
350466,28503.422369765067
350467,112.69356486210418
350468,62037.80745658835
350469,160.9908069458631
350470,144.8917262512768
350471,3625965.3565883553
350472,478952.48038815113
350473,26310.72757916241
350474,241914.4459652707
350475,450584.2902962206
350476,20357.28753830439
350477,917.6475995914197
350478,43515.8151174668
350479,4684.832482124617
350480,2173.3758937691523
350481,22466.267109295197
350482,218068.48764044943
350483,7180.1899897854955
350484,188309.33697650663
350485,44604.11297242084
350486,9659.448416751788
350487,216836.90796731357
350488,1675.914300306435
350489,80392.3693564862
350490,177556.76098059243
350491,162954.89479060264
350492,184112.306639428
350493,2297.3388151174668
350494,20344.408273748722
350495,15240.999693564861
350496,148208.13687436157
350497,6745.514811031665
350498,91817.88692543411
350499,195447.6693564862
350500,143397.7315628192
350501,64518.675791624104
350502,18248.307967313584
350503,122111.52706843718
350504,9855.857201225741
350505,66263.81613891726
350506,141776.55413687436
350507,66484.3735444331
350508,5885.823901940756
350509,127883.04749744637
350510,145017.2990806946
350511,216267.00051072522
350512,14711.339938712972
350513,96.59448416751788
350514,4245.32757916241
350515,8720.872012257405
350516,18918.029724208376
350517,50227.521859039836
350518,3514.429315628192
350519,402.4770173646578
350520,20394.31542390194
350521,7740.437997957099
350522,5521.984678243105
350523,104896.78008171603
350524,344108.19039836567
350525,38515.44065372829
350526,1560126.4921348314
350527,447246.9508682329
350528,58557.18621041879
350529,201425.2580183861
350530,3125074.6589376912
350531,102446.5
350532,70795.70735444331
350533,924460.7305413687
350534,683216.0063329928
350535,733910.4015321756
350536,1405932.7170582225
350537,163241.45842696627
350538,150645.53769152195
350539,2488.917875383044
350540,5377.092951991828
350541,96.59448416751788
350542,13346.137895812053
350543,107491.95188968335
350544,3791.3335035750765
350545,34501.93983656792
350546,522292.81552604696
350547,153082.93850868233
350548,747638.0876404494
350549,352375.06833503576
350550,117503.97017364658
350551,76486.73237997957
350552,1070.5888661899896
350553,20998.030949948927
350554,316007.24504596525
350555,772100.6407558733
350556,336599.57916241064
350557,21704.780592441264
350558,37865.037793667005
350559,144.8917262512768
350560,23218.09417773238
350561,3525.698672114402
350562,104078.94678243104
350563,163033.78028600613
350564,14814.374055158325
350565,3451.6429009193052
350566,819.4432073544433
350567,191071.93922369764
350568,1042964.4536261491
350569,106828.66976506638
350570,3683.469662921348
350571,31063.17620020429
350572,464.204
350573,373.395
350574,117349.41899897854
350575,212173.00429009192
350576,146725.41154239018
350577,343337.04443309497
350578,447662.3071501532
350579,15451.897650663943
350580,11064.898161389172
350581,19608.68028600613
350582,1738.7007150153217
350583,1947.9887640449438
350584,85973.92063329928
350585,23111.84024514811
350586,784218.4187946884
350587,3520.8689479060263
350588,386.3779366700715
350589,289.7834525025536
350590,38.67
350591,24.819000000000003
350592,1891.6419816138916
350593,1416.7191011235955
350594,102641.29887640449
350595,11934.248518896833
350596,1258.9481103166495
350597,4832.944024514811
350598,1532.632482124617
350599,1843.3447395301328
350600,2744.893258426966
350601,30691.287436159346
350602,1028708.717671093
350603,567982.006537283
350604,1904476.1687436157
350605,706939.6116445352
350606,34751.47558733401
350607,26323.60684371808
350608,1299.1958120531153
350609,43900.583146067416
350610,93183.08896833503
350611,157630.92880490294
350612,269640.2827374872
350613,88334.04586312563
350614,378600.47078651685
350615,389.59775280898873
350616,23573.883861082737
350617,22095.988253319712
350618,40008.262
350619,47567.541
350620,611.7650663942799
350621,128.7926455566905
350622,144392.65474974463
350623,914872.1180796731
350624,402443.20929519914
350625,774291.7256384065
350626,32080.638100102144
350627,1191.3319713993872
350628,37415.873442288044
350629,157740.40255362613
350630,225.38712972420836
350631,72.4458631256384
350632,160.9908069458631
350633,265.63483146067415
350634,8374.7417773238
350635,76791.00500510725
350636,25290.045863125637
350637,697022.57793667
350638,646086.6965270684
350639,260602.25883554647
350640,32343.0531154239
350641,321.9816138917262
350642,7226.877323799796
350643,256182.017
350644,79934.727
350645,3123.732
350646,2052.55
350647,19031.908
350648,305700.201
350649,37951.536
350650,159573.65099999998
350651,88245.558
350652,87349.32800000001
350653,93329.911
350654,30938.521
350655,21207.408
350656,204688.204
350657,169277.12
350658,591371.384
350659,595513.3879999999
350660,4960.904
350661,189901.00199999998
350662,92720.558
350663,1440.9879999999998
350664,23769.817000000003
350665,20027.045
350666,190534.682
350667,23831.063
350668,57450.754
350669,66400.041
350670,392885.95700000005
350671,287181.015
350672,19155.542
350673,35174.953
350674,14549.708
350675,29623.226000000002
350676,58445.517
350677,25587.269
350678,17136.522
350679,28052.853
350680,20403.587
350681,32980.922
350682,28915.833
350683,97074.54699999999
350684,358227.37
350685,1313175.285
350686,184067.28
350687,39254.164
350688,34922.962
350689,26199.742000000002
350690,59926.667
350691,514.457
350692,555.168
350693,2977520.4110000003
350694,396392.255
350695,16870.365
350696,1703195.9530000002
350697,53023.71599999999
350698,70249.9
350699,23481.067000000003
350700,2128.584
350701,13031.565
350702,3438.8677142857146
350703,3094.5957142857146
350704,5924.864714285714
350705,97775.99
350706,18446.467
350707,111025.661
350708,4225.255
350709,5036.272
350710,243284.551
350711,33101.962
350712,370959.524
350713,178112.902
350714,163469.508
350715,101164.386
350716,2622.9179999999997
350717,20089.894
350718,14810.071000000002
350719,138569.12300000002
350720,20212.343999999997
350721,62679.825999999994
350722,134089.426
350723,201904.843
350724,186195.395
350725,26203.576
350726,1445.092
350727,104200.663
350728,53861.005999999994
350729,15499.381000000001
350730,192453.46
350731,189432.50100000002
350732,186706.45899999997
350733,16928.019
350734,239.66
350735,2658.5440000000003
350736,1998.87
350737,18718.03
350738,13343.466999999999
350739,1801.664
350740,10021.889000000001
350741,18533.145
350742,2876.491
350743,2766.199
350744,79421.207
350745,411376.38899999997
350746,34893.369
350747,1252855.5890000002
350748,341543.76200000005
350749,7431.108
350750,205823.668
350751,1845.9289999999999
350752,209718.194
350753,2994038.107
350754,80457.522
350755,1048750.043
350756,762908.229
350757,880079.963
350758,1756932.5869999998
350759,194669.514
350760,155304.843
350761,3683.1420000000003
350762,16239.534
350763,19589.425
350764,18422.124
350765,180391.89899999998
350766,5591.834
350767,88777.57699999999
350768,568939.611
350769,164954.84
350770,689785.3929999999
350771,311923.404
350772,174411.37399999998
350773,85499.219
350774,1249.296
350775,21560.362
350776,329282.451
350777,811010.016
350778,336762.119
350779,22456.118
350780,35116.336
350781,169880.43399999998
350782,31749.955
350783,158991.628
350784,6001.138000000001
350785,109008.625
350786,15273.112
350787,2264.299
350788,1218.384
350789,202713.93
350790,1080587.373
350791,194275.663
350792,5299.313
350793,34362.37
350794,285.143
350795,15571.16
350796,261717.432
350797,138808.69199999998
350798,326731.353
350799,408456.156
350800,22127.96
350801,25711.3
350802,24788.062
350803,5518.9580000000005
350804,10521.604
350805,99316.254
350806,33991.269
350807,795144.427
350808,44463.242999999995
350809,1596983.82
350810,523.2090000000001
350811,2670.1620000000003
350812,2190.442
350813,129246.531
350814,20601.137
350815,1983.295
350816,5550.085
350817,7139.775
350818,1274.26
350819,4965.304
350820,13990.043
350821,1013827.397
350822,511600.958
350823,19333.968
350824,550575.387
350825,37007.32
350826,32777.775
350827,15383.471000000001
350828,47219.985
350829,67933.602
350830,120171.34599999999
350831,291331.477
350832,131513.03
350833,51032.983
350834,324799.36
350835,21428.917
350836,31171.557999999997
350837,17007.951
350838,591.51
350839,22098.097999999998
350840,561.778
350841,100.64
350842,148271.533
350843,821026.699
350844,327684.451
350845,714039.8520000001
350846,33304.527
350847,11590.633
350848,39454.619
350849,617800.468
350850,159197.751
350851,290385.285
350852,609607.307
350853,620.6
350854,432.292
350855,346.914
350856,476.8
350857,17209.22
350858,65299.152
350859,34394.781
350860,32997.599
350861,466.949
350862,7999.121
350863,33478.038304392234
350864,400171.62900919304
350865,36995.68743615934
350866,9160.749
350867,173715.52032686415
350868,84425.18907048008
350869,222922.3604698672
350870,229131.77589376914
350871,2720.7446373850867
350872,1964.08784473953
350873,62337.250357507655
350874,368379.164453524
350875,26796.919816138918
350876,1451148.5950970377
350877,1770.8988764044943
350878,1899.691521961185
350879,243620.94851889682
350880,138043.17732379978
350881,585642.6980592441
350882,641551.5854954035
350883,2237.7722165474975
350884,125664.59417773238
350885,113287.62093973442
350886,1239.629213483146
350887,45301.20316649642
350888,11984.155669050051
350889,178165.30623084778
350890,12455.85873340143
350891,37116.43054136874
350892,18845.583861082738
350893,25959.76762002043
350894,23388.744433094995
350895,343176.05362614914
350896,9426.011746680286
350897,29670.605720122574
350898,14199.389172625128
350899,2189.4749744637384
350900,55137.74147088866
350901,1030.341164453524
350902,96.59448416751788
350903,15451.897650663943
350904,5067.990602655771
350905,8105.887129724208
350906,5232.201225740551
350907,94414.66864147088
350908,378103.0091930541
350909,1338983.080081716
350910,98944.94994892747
350911,44645.97058222676
350912,28503.422369765067
350913,112.69356486210418
350914,62037.80745658835
350915,160.9908069458631
350916,144.8917262512768
350917,3625965.3565883553
350918,478952.48038815113
350919,26310.72757916241
350920,241914.4459652707
350921,450584.2902962206
350922,20357.28753830439
350923,917.6475995914197
350924,43515.8151174668
350925,4684.832482124617
350926,2173.3758937691523
350927,22466.267109295197
350928,218068.48764044943
350929,7180.1899897854955
350930,188309.33697650663
350931,44604.11297242084
350932,9659.448416751788
350933,216836.90796731357
350934,1675.914300306435
350935,80392.3693564862
350936,177556.76098059243
350937,162954.89479060264
350938,184112.306639428
350939,2297.3388151174668
350940,20344.408273748722
350941,15240.999693564861
350942,148208.13687436157
350943,6745.514811031665
350944,91817.88692543411
350945,195447.6693564862
350946,143397.7315628192
350947,64518.675791624104
350948,18248.307967313584
350949,122111.52706843718
350950,9855.857201225741
350951,66263.81613891726
350952,141776.55413687436
350953,66484.3735444331
350954,5885.823901940756
350955,127883.04749744637
350956,145017.2990806946
350957,216267.00051072522
350958,14711.339938712972
350959,96.59448416751788
350960,4245.32757916241
350961,8720.872012257405
350962,18918.029724208376
350963,50227.521859039836
350964,3514.429315628192
350965,402.4770173646578
350966,20394.31542390194
350967,7740.437997957099
350968,5521.984678243105
350969,104896.78008171603
350970,344108.19039836567
350971,38515.44065372829
350972,1560126.4921348314
350973,447246.9508682329
350974,58557.18621041879
350975,201425.2580183861
350976,3125074.6589376912
350977,102446.5
350978,70795.70735444331
350979,924460.7305413687
350980,683216.0063329928
350981,733910.4015321756
350982,1405932.7170582225
350983,163241.45842696627
350984,150645.53769152195
350985,2488.917875383044
350986,5377.092951991828
350987,96.59448416751788
350988,13346.137895812053
350989,107491.95188968335
350990,3791.3335035750765
350991,34501.93983656792
350992,522292.81552604696
350993,153082.93850868233
350994,747638.0876404494
350995,352375.06833503576
350996,117503.97017364658
350997,76486.73237997957
350998,1070.5888661899896
350999,20998.030949948927
351000,316007.24504596525
351001,772100.6407558733
351002,336599.57916241064
351003,21704.780592441264
351004,37865.037793667005
351005,144.8917262512768
351006,23218.09417773238
351007,3525.698672114402
351008,104078.94678243104
351009,163033.78028600613
351010,14814.374055158325
351011,3451.6429009193052
351012,819.4432073544433
351013,191071.93922369764
351014,1042964.4536261491
351015,106828.66976506638
351016,3683.469662921348
351017,31063.17620020429
351018,281.379
351019,406.45599999999996
351020,117349.41899897854
351021,212173.00429009192
351022,146725.41154239018
351023,343337.04443309497
351024,447662.3071501532
351025,15451.897650663943
351026,11064.898161389172
351027,19608.68028600613
351028,1738.7007150153217
351029,1947.9887640449438
351030,85973.92063329928
351031,23111.84024514811
351032,784218.4187946884
351033,3520.8689479060263
351034,386.3779366700715
351035,289.7834525025536
351036,49.06399999999999
351037,24.734
351038,1891.6419816138916
351039,1416.7191011235955
351040,102641.29887640449
351041,11934.248518896833
351042,1258.9481103166495
351043,4832.944024514811
351044,1532.632482124617
351045,1843.3447395301328
351046,2744.893258426966
351047,30691.287436159346
351048,1028708.717671093
351049,567982.006537283
351050,1904476.1687436157
351051,706939.6116445352
351052,34751.47558733401
351053,26323.60684371808
351054,1299.1958120531153
351055,43900.583146067416
351056,93183.08896833503
351057,157630.92880490294
351058,269640.2827374872
351059,88334.04586312563
351060,378600.47078651685
351061,389.59775280898873
351062,23573.883861082737
351063,22095.988253319712
351064,43454.515
351065,47985.432
351066,611.7650663942799
351067,128.7926455566905
351068,144392.65474974463
351069,914872.1180796731
351070,402443.20929519914
351071,774291.7256384065
351072,32080.638100102144
351073,1191.3319713993872
351074,37415.873442288044
351075,157740.40255362613
351076,225.38712972420836
351077,72.4458631256384
351078,160.9908069458631
351079,265.63483146067415
351080,8374.7417773238
351081,76791.00500510725
351082,25290.045863125637
351083,697022.57793667
351084,646086.6965270684
351085,260602.25883554647
351086,32343.0531154239
351087,321.9816138917262
351088,7226.877323799796
351089,177118.91199999998
351090,79562.783
351091,2491.368
351092,2356.232
351093,19994.164
351094,262637.592
351095,33900.74
351096,150814.87300000002
351097,90016.285
351098,97353.16699999999
351099,100843.45199999999
351100,21840.179
351101,12161.118
351102,159381.667
351103,113594.641
351104,486526.88
351105,487595.06299999997
351106,2339.347
351107,140435.69
351108,91585.34300000001
351109,1309.887
351110,22149.061
351111,12109.011
351112,149194.51
351113,10357.684000000001
351114,61531.989
351115,69782.682
351116,300005.42100000003
351117,199199.237
351118,15585.944
351119,35162.131
351120,13768.923
351121,7882.76
351122,58076.731
351123,10109.617
351124,10265.296999999999
351125,19647.086
351126,10199.001
351127,29373.351000000002
351128,14410.898000000001
351129,98992.32699999999
351130,225833.889
351131,1106705.425
351132,108146.12400000001
351133,37993.63
351134,26566.896
351135,39260.248999999996
351136,54314.88
351137,293.606
351138,389.355
351139,2373556.921
351140,358414.13399999996
351141,17510.172
351142,1596279.6930000002
351143,38724.675
351144,71411.526
351145,19111.758
351146,1727.521
351147,12392.541000000001
351148,2521.252
351149,2503.473
351150,10974.201000000001
351151,39554.612
351152,16738.94
351153,31900.705
351154,11708.961000000001
351155,3745.387
351156,184687.193
351157,29742.982999999997
351158,286869.88399999996
351159,137779.679
351160,133554.451
351161,112286.37599999999
351162,2618.071
351163,20839.851000000002
351164,15037.052
351165,121984.48599999999
351166,11345.339
351167,53099.005999999994
351168,109230.54699999999
351169,156564.225
351170,135042.042
351171,24664.207000000002
351172,703.76
351173,100424.07800000001
351174,46497.25
351175,10274.423
351176,108498.021
351177,116269.451
351178,164208.543
351179,17808.326
351180,230.226
351181,2422.26
351182,1379.832
351183,15468.421
351184,11320.596000000001
351185,1060.292
351186,10334.375
351187,19861.75
351188,3407.8509999999997
351189,2339.072
351190,74385.578
351191,293204.131
351192,36978.599
351193,1066253.621
351194,259412.173
351195,11894.252
351196,176403.88100000002
351197,1607.67
351198,153632.363
351199,2318853.943
351200,84579.862
351201,753159.679
351202,674706.0059999999
351203,658771.547
351204,1705054.8909999998
351205,137934.83800000002
351206,123894.195
351207,2803.074
351208,12420.503
351209,1648.723
351210,17202.279
351211,106604.40800000001
351212,6838.549
351213,92994.385
351214,443075.965
351215,115703.335
351216,582416.6460000001
351217,214488.00100000002
351218,108606.37599999999
351219,72758.009
351220,1048.914
351221,21091.069
351222,248724.08800000002
351223,664842.673
351224,300529.467
351225,22129.298
351226,33758.202000000005
351227,106877.174
351228,25039.617000000002
351229,130277.08300000001
351230,3324.796
351231,100651.851
351232,13691.383
351233,1496.9189999999999
351234,1030.399
351235,146266.419
351236,765979.437
351237,108611.92599999999
351238,2674.6940000000004
351239,25089.771
351240,291.592
351241,12757.028
351242,171175.2
351243,118486.724
351244,213520.324
351245,355589.55799999996
351246,17724.509
351247,10913.978000000001
351248,18935.067
351249,7044.505999999999
351250,7586.911
351251,87801.992
351252,32987.537000000004
351253,699279.835
351254,43464.890999999996
351255,1718466.9619999998
351256,569.158
351257,1413.33
351258,1244.411
351259,95894.45800000001
351260,10946.149
351261,1354.0520000000001
351262,6933.356
351263,1373.275
351264,804.721
351265,6842.91
351266,5981.931
351267,754854.775
351268,431810.847
351269,21665.48
351270,362676.219
351271,32185.59
351272,21319.427000000003
351273,6435.854
351274,36959.282999999996
351275,67833.116
351276,102292.05699999999
351277,198600.51
351278,104865.073
351279,16512.753
351280,212749.812
351281,16093.366000000002
351282,27301.162999999997
351283,2090.672
351284,431.70099999999996
351285,21900.815
351286,655.367
351287,118.265
351288,123674.54
351289,690731.979
351290,266912.322
351291,602904.728
351292,32127.575
351293,6303.411999999999
351294,37465.562000000005
351295,510124.445
351296,140066.719
351297,201204.991
351298,535537.34
351299,644.056
351300,287.97900000000004
351301,299.111
351302,308.605
351303,8420.169
351304,69382.925
351305,31706.902000000002
351306,25027.447999999997
351307,421.001
351308,6878.688
351309,147187.039
351310,56354.307
351311,2463.19
351312,1722.42
351313,25260.911
351314,267171.438
351315,31952.363999999998
351316,132460.495
351317,79829.407
351318,111086.582
351319,102818.891
351320,16577.43
351321,26266.998
351322,116595.851
351323,99038.11
351324,396178.36600000004
351325,403774.961
351326,2523.0679999999998
351327,111746.186
351328,82319.225
351329,1282.864
351330,20425.688000000002
351331,9688.443000000001
351332,127590.567
351333,8434.719000000001
351334,59602.066
351335,57822.837999999996
351336,337435.508
351337,227219.188
351338,11853.748
351339,22970.103
351340,11088.181999999999
351341,19846.907
351342,44184.132000000005
351343,11881.473
351344,11998.996000000001
351345,14362.661
351346,8272.126
351347,19127.955
351348,10424.043
351349,84560.948
351350,256516.766
351351,810940.304
351352,87247.545
351353,29404.208
351354,25804.855
351355,39013.144
351356,46559.987
351357,332.22
351358,417.791
351359,1924749.976
351360,337587.529
351361,10948.96
351362,935491.2459999999
351363,33394.816
351364,36841.929
351365,15532.457
351366,1285.072
351367,12362.886999999999
351368,2639.36
351369,1954.6760000000002
351370,10595.972
351371,88646.73199999999
351372,11260.303999999998
351373,82048.678
351374,13648.061000000002
351375,5354.286
351376,160796.098
351377,18512.234
351378,288797.713
351379,117988.314
351380,112112.92
351381,102043.609
351382,6060.61
351383,16172.362
351384,12890.989
351385,88021.97
351386,10354.689
351387,53359.933
351388,74746.424
351389,128808.34300000001
351390,112002.77699999999
351391,22117.05
351392,950.005
351393,85068.647
351394,37393.592000000004
351395,8172.371
351396,89002.075
351397,99724.035
351398,146099.191
351399,11749.239
351400,235.752
351401,3184.062
351402,3712.863
351403,13881.228000000001
351404,19499.858
351405,1532.119
351406,8643.449
351407,15052.498
351408,4064.2340000000004
351409,2931.8109999999997
351410,71898.633
351411,223746.53
351412,36269.687999999995
351413,786320.8609999999
351414,262377.799
351415,11260.838
351416,144725.97
351417,1431.8210000000001
351418,146385.164
351419,1799723.5359999998
351420,34395.602
351421,656593.649
351422,467617.686
351423,479146.615
351424,1008691.2609999999
351425,112743.48800000001
351426,106523.47099999999
351427,2414.529
351428,9349.417
351429,1240.259
351430,13123.836000000001
351431,89379.40199999999
351432,5887.105
351433,46581.496
351434,358227.01
351435,102553.461
351436,476141.341
351437,203888.31699999998
351438,88976.351
351439,73160.18400000001
351440,1223.779
351441,16391.539
351442,234943.80899999998
351443,592747.218
351444,282626.507
351445,16753.638
351446,26948.724
351447,88595.133
351448,19415.425
351449,112515.10800000001
351450,3515.635
351451,84107.43800000001
351452,11787.67
351453,1936.961
351454,1154.004
351455,127320.591
351456,690860.968
351457,95760.306
351458,5154.731
351459,22592.952
351460,324.565
351461,9879.168
351462,148123.211
351463,109234.487
351464,212227.849
351465,343688.44700000004
351466,14546.591999999999
351467,8633.214
351468,19052.021
351469,4683.213
351470,4130.679
351471,73123.895
351472,19704.641
351473,544310.169
351474,30845.18
351475,1008267.7679999999
351476,402.836
351477,1680.943
351478,1112.087
351479,82386.00099999999
351480,10710.965
351481,1219.3339999999998
351482,5447.366999999999
351483,5431.1759999999995
351484,1232.4360000000001
351485,4039.855
351486,6729.757
351487,630552.113
351488,359791.16299999994
351489,25303.267999999996
351490,317334.984
351491,27085.042999999998
351492,20720.74
351493,8765.01
351494,26107.452999999998
351495,47530.53
351496,88102.927
351497,166758.345
351498,86233.01400000001
351499,36568.491
351500,218142.746
351501,14792.22
351502,19582.778000000002
351503,10493.778
351504,367.634
351505,19552.412
351506,572.22
351507,139.77700000000002
351508,109126.00300000001
351509,624183.704
351510,249817.17899999997
351511,505892.838
351512,27320.519
351513,8278.362
351514,33415.388999999996
351515,452388.776
351516,123906.391
351517,205312.771
351518,441124.117
351519,447.189
351520,340.356
351521,314.907
351522,345.34
351523,7996.279
351524,49575.345
351525,19618.519
351526,18605.229
351527,546.933
351528,5927.829000000001
